{"cameraMode":{"drawMode":0,"name":"Shaded","section":"Shading Mode"},"sceneLighting":true,"audioPlay":false,"sceneViewState":{"m_AlwaysRefresh":false,"showFog":true,"showSkybox":true,"showFlares":true,"showImageEffects":true,"showParticleSystems":true,"showVisualEffectGraphs":true,"m_FxEnabled":true},"in2DMode":false,"pivot":{"x":0.4195491671562195,"y":-0.5799521803855896,"z":10.328596115112305},"rotation":{"x":-0.10938747227191925,"y":-0.003456291276961565,"z":-0.0033981071319431068,"w":-0.9948839545249939},"size":10.449999809265137,"orthographic":false}