{"cameraMode":{"drawMode":0,"name":"Shaded","section":"Shading Mode"},"sceneLighting":false,"audioPlay":false,"sceneViewState":{"m_AlwaysRefresh":false,"showFog":true,"showSkybox":false,"showFlares":true,"showImageEffects":true,"showParticleSystems":true,"showVisualEffectGraphs":true,"m_FxEnabled":true},"in2DMode":false,"pivot":{"x":0.4316829741001129,"y":0.5288966298103333,"z":0.6202415227890015},"rotation":{"x":-0.08362491428852081,"y":0.9113499522209168,"z":-0.23136186599731446,"w":-0.331952303647995},"size":0.8660253882408142,"orthographic":false}